{"QF_LIA/nec-smt/large/checkpass/prp-22-50.smt2": {"cvc5": [0.8433976923076923, 203.583], "OpenSMT": [0.8981315384615385, 132.429], "smtinterpol-2.5-823-g881e8631": [0.9041161538461538, 124.649], "veriT": [-0.9231384615384615, 1200.08], "Yices 2.6.2 for SMTCOMP 2021": [0.9995461492307692, 0.590006], "Par4-wrapped-sq": [0.9995618592307692, 0.569583], "OpenSMT-fixed": [0.8988461538461539, 131.5], "mathsat-5.6.6": [0.8903646153846154, 142.526], "z3-4.8.11": [0.9915820769230769, 10.9433], "cvc5-fixed": [0.8436223076923077, 203.291]}}